<ImportExportXml xmlns:xsi="http://www.w3.org/2001/XMLSchema-instance">
  <Entities>
    <Entity>
      <Name LocalizedName="Cotação" OriginalName="Cotação">Quote</Name>
      <EntityInfo>
        <entity Name="Quote" unmodified="1">
          <attributes />
        </entity>
      </EntityInfo>
      <RibbonDiffXml>
        <CustomActions>
          <CustomAction Id="dio.quote.CopyQuote.Button.CustomAction" Location="Mscrm.Form.quote.MainTab.Save.Controls._children" Sequence="49">
            <CommandUIDefinition>
              <Button Command="dio.quote.CopyQuote.Command" Id="dio.quote.CopyQuote.Button" LabelText="$LocLabels:dio.quote.CopyQuote.Button.LabelText" Sequence="49" TemplateAlias="o1" />
            </CommandUIDefinition>
          </CustomAction>
        </CustomActions>
        <Templates>
          <RibbonTemplates Id="Mscrm.Templates"></RibbonTemplates>
        </Templates>
        <CommandDefinitions>
          <CommandDefinition Id="dio.quote.CopyQuote.Command">
            <EnableRules />
            <DisplayRules>
              <DisplayRule Id="dio.quote.CopyQuote.DisplayRule" />
            </DisplayRules>
            <Actions>
              <JavaScriptFunction FunctionName="CopyRequest" Library="$webresource:dio_/js/Quote.js">
                <CrmParameter Value="PrimaryControl" />
              </JavaScriptFunction>
            </Actions>
          </CommandDefinition>
        </CommandDefinitions>
        <RuleDefinitions>
          <TabDisplayRules />
          <DisplayRules>
            <DisplayRule Id="dio.quote.CopyQuote.DisplayRule">
              <FormStateRule State="Create" Default="false" InvertResult="true" />
            </DisplayRule>
          </DisplayRules>
          <EnableRules />
        </RuleDefinitions>
        <LocLabels>
          <LocLabel Id="dio.quote.CopyQuote.Button.LabelText">
            <Titles>
              <Title description="Copiar Cotação" languagecode="1046" />
            </Titles>
          </LocLabel>
        </LocLabels>
      </RibbonDiffXml>
    </Entity>
  </Entities>
  <Roles></Roles>
  <Workflows>
    <Workflow WorkflowId="{37a328e5-1317-ec11-b6e6-000d3a9a646b}" Name="Validar Forma de Transporte" Description="Clique para adicionar a descrição">
      <XamlFileName>/Workflows/ValidarFormadeTransporte-37A328E5-1317-EC11-B6E6-000D3A9A646B.xaml</XamlFileName>
      <Type>1</Type>
      <Subprocess>0</Subprocess>
      <Category>2</Category>
      <Mode>1</Mode>
      <Scope>4</Scope>
      <OnDemand>0</OnDemand>
      <TriggerOnCreate>0</TriggerOnCreate>
      <TriggerOnDelete>0</TriggerOnDelete>
      <AsyncAutodelete>0</AsyncAutodelete>
      <SyncWorkflowLogOnFailure>0</SyncWorkflowLogOnFailure>
      <StateCode>1</StateCode>
      <StatusCode>2</StatusCode>
      <RunAs>1</RunAs>
      <IsTransacted>1</IsTransacted>
      <IntroducedVersion>1.0.0.0</IntroducedVersion>
      <IsCustomizable>1</IsCustomizable>
      <BusinessProcessType>0</BusinessProcessType>
      <IsCustomProcessingStepAllowedForOtherPublishers>1</IsCustomProcessingStepAllowedForOtherPublishers>
      <ProcessTriggerScope>2</ProcessTriggerScope>
      <PrimaryEntity>Quote</PrimaryEntity>
      <LocalizedNames>
        <LocalizedName languagecode="1046" description="Validar Forma de Transporte" />
      </LocalizedNames>
      <Descriptions>
        <Description languagecode="1046" description="Clique para adicionar a descrição" />
      </Descriptions>
    </Workflow>
  </Workflows>
  <FieldSecurityProfiles></FieldSecurityProfiles>
  <Templates />
  <EntityMaps />
  <EntityRelationships />
  <OrganizationSettings />
  <optionsets />
  <CustomControls />
  <EntityDataProviders />
  <Languages>
    <Language>1046</Language>
  </Languages>
</ImportExportXml>