{"properties":{"connectionReferences":{"shared_commondataserviceforapps":{"runtimeSource":"embedded","connection":{"connectionReferenceLogicalName":"dio_sharedcommondataserviceforapps_85b1b"},"api":{"name":"shared_commondataserviceforapps"}},"shared_approvals":{"runtimeSource":"embedded","connection":{"connectionReferenceLogicalName":"dio_sharedapprovals_8e709"},"api":{"name":"shared_approvals"}},"shared_office365":{"runtimeSource":"embedded","connection":{"connectionReferenceLogicalName":"dio_sharedoffice365_92a1f"},"api":{"name":"shared_office365"}}},"definition":{"$schema":"https://schema.management.azure.com/providers/Microsoft.Logic/schemas/2016-06-01/workflowdefinition.json#","contentVersion":"1.0.0.0","parameters":{"$connections":{"defaultValue":{},"type":"Object"},"$authentication":{"defaultValue":{},"type":"SecureObject"}},"triggers":{"Quando_uma_linha_é_adicionada,_modificada_ou_excluída":{"type":"OpenApiConnectionWebhook","inputs":{"host":{"connectionName":"shared_commondataserviceforapps","operationId":"SubscribeWebhookTrigger","apiId":"/providers/Microsoft.PowerApps/apis/shared_commondataserviceforapps"},"parameters":{"subscriptionRequest/message":1,"subscriptionRequest/entityname":"quote","subscriptionRequest/scope":4},"authentication":"@parameters('$authentication')"}}},"actions":{"Iniciar_e_aguardar_uma_aprovação":{"runAfter":{},"type":"OpenApiConnectionWebhook","inputs":{"host":{"connectionName":"shared_approvals","operationId":"StartAndWaitForAnApproval","apiId":"/providers/Microsoft.PowerApps/apis/shared_approvals"},"parameters":{"approvalType":"Basic","WebhookApprovalCreationInput/title":"Aprovar a cotação @{triggerOutputs()?['body/name']}","WebhookApprovalCreationInput/assignedTo":"admin@CRM157327.OnMicrosoft.com;","WebhookApprovalCreationInput/enableNotifications":true,"WebhookApprovalCreationInput/enableReassignment":true},"authentication":"@parameters('$authentication')"}},"Condição":{"actions":{"Enviar_um_email_(V2)":{"runAfter":{},"type":"OpenApiConnection","inputs":{"host":{"connectionName":"shared_office365","operationId":"SendEmailV2","apiId":"/providers/Microsoft.PowerApps/apis/shared_office365"},"parameters":{"emailMessage/To":"admin@CRM157327.OnMicrosoft.com","emailMessage/Subject":"Sua cotação foi aprovada","emailMessage/Body":"<p>Prezado cliente, sua cotação @{triggerOutputs()?['body/name']} foi criada e aprovada.</p>"},"authentication":"@parameters('$authentication')"}}},"runAfter":{"Iniciar_e_aguardar_uma_aprovação":["Succeeded"]},"expression":{"equals":["@outputs('Iniciar_e_aguardar_uma_aprovação')?['body/outcome']","Approve"]},"type":"If"}},"outputs":{}}},"schemaVersion":"1.0.0.0"}