<ImportExportXml xmlns:xsi="http://www.w3.org/2001/XMLSchema-instance">
  <Entities></Entities>
  <Roles></Roles>
  <Workflows>
    <Workflow WorkflowId="{65c4b4b2-9074-4c98-ab68-96278843cd64}" Name="Copiar Cotação">
      <XamlFileName>/Workflows/CopiarCotao-65C4B4B2-9074-4C98-AB68-96278843CD64.xaml</XamlFileName>
      <Type>1</Type>
      <Subprocess>0</Subprocess>
      <Category>3</Category>
      <Mode>0</Mode>
      <Scope>4</Scope>
      <OnDemand>0</OnDemand>
      <TriggerOnCreate>0</TriggerOnCreate>
      <TriggerOnDelete>0</TriggerOnDelete>
      <AsyncAutodelete>0</AsyncAutodelete>
      <SyncWorkflowLogOnFailure>1</SyncWorkflowLogOnFailure>
      <StateCode>1</StateCode>
      <StatusCode>2</StatusCode>
      <CreateStage>40</CreateStage>
      <RunAs>1</RunAs>
      <SdkMessageId>{5c2e20cc-1617-ec11-b6e6-000d3a9a646b}</SdkMessageId>
      <UniqueName>copyquote</UniqueName>
      <IsTransacted>1</IsTransacted>
      <IntroducedVersion>1.0.0.0</IntroducedVersion>
      <IsCustomizable>1</IsCustomizable>
      <FormId>{00000000-0000-0000-0000-000000000000}</FormId>
      <IsCustomProcessingStepAllowedForOtherPublishers>1</IsCustomProcessingStepAllowedForOtherPublishers>
      <PrimaryEntity>Quote</PrimaryEntity>
      <LocalizedNames>
        <LocalizedName languagecode="1046" description="Copiar Cotação" />
      </LocalizedNames>
    </Workflow>
  </Workflows>
  <FieldSecurityProfiles></FieldSecurityProfiles>
  <Templates />
  <EntityMaps />
  <EntityRelationships />
  <OrganizationSettings />
  <optionsets />
  <CustomControls />
  <SolutionPluginAssemblies>
    <PluginAssembly FullName="Quote, Version=1.0.0.0, Culture=neutral, PublicKeyToken=2fe53433d7368498" PluginAssemblyId="04bb6530-d7db-42c5-a39f-d742ba328850" CustomizationLevel="1">
      <IsolationMode>2</IsolationMode>
      <SourceType>0</SourceType>
      <IntroducedVersion>1.0</IntroducedVersion>
      <FileName>/PluginAssemblies/Quote-04BB6530-D7DB-42C5-A39F-D742BA328850/Quote.dll</FileName>
      <PluginTypes>
        <PluginType AssemblyQualifiedName="Actions.Quote.Copy, Quote, Version=1.0.0.0, Culture=neutral, PublicKeyToken=2fe53433d7368498" PluginTypeId="e7ab7adf-b3a9-478a-9e7c-841aa2cdfa31" Name="Actions.Quote.Copy">
          <FriendlyName>23a0aad3-1c6b-44bd-b799-aaed3b0c8e68</FriendlyName>
          <WorkflowActivityGroupName>Quote (1.0.0.0)</WorkflowActivityGroupName>
        </PluginType>
      </PluginTypes>
    </PluginAssembly>
  </SolutionPluginAssemblies>
  <EntityDataProviders />
  <Languages>
    <Language>1046</Language>
  </Languages>
</ImportExportXml>