<ImportExportXml xmlns:xsi="http://www.w3.org/2001/XMLSchema-instance">
  <Entities>
    <Entity>
      <Name LocalizedName="Cotação" OriginalName="Cotação">Quote</Name>
      <EntityInfo>
        <entity Name="Quote" unmodified="1">
          <attributes />
        </entity>
      </EntityInfo>
      <RibbonDiffXml>
        <CustomActions>
          <CustomAction Id="dio.quote.CopyQuote.Button.CustomAction" Location="Mscrm.Form.quote.MainTab.Save.Controls._children" Sequence="49">
            <CommandUIDefinition>
              <Button Command="dio.quote.CopyQuote.Command" Id="dio.quote.CopyQuote.Button" LabelText="$LocLabels:dio.quote.CopyQuote.Button.LabelText" Sequence="49" TemplateAlias="o1" />
            </CommandUIDefinition>
          </CustomAction>
        </CustomActions>
        <Templates>
          <RibbonTemplates Id="Mscrm.Templates"></RibbonTemplates>
        </Templates>
        <CommandDefinitions>
          <CommandDefinition Id="dio.quote.CopyQuote.Command">
            <EnableRules />
            <DisplayRules>
              <DisplayRule Id="dio.quote.CopyQuote.DisplayRule" />
            </DisplayRules>
            <Actions>
              <JavaScriptFunction FunctionName="CopyRequest" Library="$webresource:dio_/js/Quote.js">
                <CrmParameter Value="PrimaryControl" />
              </JavaScriptFunction>
            </Actions>
          </CommandDefinition>
        </CommandDefinitions>
        <RuleDefinitions>
          <TabDisplayRules />
          <DisplayRules>
            <DisplayRule Id="dio.quote.CopyQuote.DisplayRule">
              <FormStateRule State="Create" Default="false" InvertResult="true" />
            </DisplayRule>
          </DisplayRules>
          <EnableRules />
        </RuleDefinitions>
        <LocLabels>
          <LocLabel Id="dio.quote.CopyQuote.Button.LabelText">
            <Titles>
              <Title description="Copiar Cotação" languagecode="1046" />
            </Titles>
          </LocLabel>
        </LocLabels>
      </RibbonDiffXml>
    </Entity>
  </Entities>
  <Roles></Roles>
  <Workflows></Workflows>
  <FieldSecurityProfiles></FieldSecurityProfiles>
  <Templates />
  <EntityMaps />
  <EntityRelationships />
  <OrganizationSettings />
  <optionsets />
  <CustomControls />
  <EntityDataProviders />
  <Languages>
    <Language>1046</Language>
  </Languages>
</ImportExportXml>